id,subjects,learning_style,availability,location_preference,budget_min,budget_max,experience_level,age,preferred_teacher_gender
s0001,"music,art,geography,french",kinesthetic,afternoon,online,18,36,beginner,17,any
s0002,"philosophy,music,english",kinesthetic,morning,both,22,52,intermediate,19,
s0003,"history,chemistry,music",visual,evening,both,26,41,intermediate,22,any
s0004,"history,literature",auditory,"evening,morning",in_person,30,48,advanced,30,any
s0005,"history,spanish,economics",kinesthetic,weekend,in_person,31,56,advanced,19,female
s0006,"english,geography",auditory,afternoon,both,30,47,advanced,40,
s0007,"history,chemistry,french",reading,"weekend,afternoon",in_person,26,49,beginner,24,female
s0008,"english,biology,french,chemistry",visual,"weekend,afternoon",in_person,23,41,beginner,20,any
s0009,computer_science,auditory,"morning,afternoon",in_person,25,46,intermediate,20,any
s0010,english,visual,weekend,in_person,27,44,advanced,28,
s0011,"music,mathematics",reading,"evening,morning",in_person,24,46,intermediate,27,female
s0012,"biology,art,physics",kinesthetic,"weekend,evening,morning",online,15,30,advanced,16,male
s0013,"history,computer_science",visual,"morning,afternoon",online,24,48,intermediate,16,any
s0014,"history,geography,chemistry",kinesthetic,"evening,afternoon",in_person,22,38,beginner,29,male
s0015,"music,biology,history,computer_science",reading,"morning,weekend,afternoon",in_person,24,39,intermediate,43,any
s0016,"mathematics,music,philosophy",kinesthetic,"weekend,evening,afternoon",both,28,50,beginner,44,any
s0017,geography,auditory,morning,in_person,28,51,beginner,45,female
s0018,"physics,geography",kinesthetic,"afternoon,morning,evening",in_person,25,54,intermediate,16,male
s0019,"physics,mathematics,philosophy,biology",auditory,afternoon,both,29,52,advanced,26,male
s0020,"french,english,spanish",auditory,"evening,morning",in_person,34,61,beginner,18,male
s0021,"spanish,english,mathematics",reading,"weekend,evening",both,28,55,advanced,18,male
s0022,literature,kinesthetic,weekend,both,20,36,beginner,29,any
s0023,"chemistry,literature,philosophy",reading,"afternoon,morning",online,23,47,intermediate,36,any
s0024,"economics,literature,computer_science",visual,afternoon,both,22,38,intermediate,16,any
s0025,"economics,french,computer_science,spanish",auditory,"evening,weekend",online,24,38,advanced,37,female
s0026,geography,reading,morning,in_person,33,54,beginner,27,any
s0027,"geography,computer_science",auditory,evening,both,23,46,intermediate,18,any
s0028,physics,auditory,"afternoon,weekend",in_person,27,46,beginner,19,any
s0029,geography,kinesthetic,"afternoon,morning,weekend",in_person,29,44,advanced,31,
s0030,"chemistry,english,physics",reading,"morning,evening",online,21,41,advanced,20,
s0031,"philosophy,spanish,physics",visual,"morning,evening",in_person,28,57,beginner,22,female
s0032,"biology,spanish",visual,"weekend,morning,afternoon",in_person,26,49,intermediate,45,female
s0033,"chemistry,music,mathematics,computer_science",reading,"weekend,morning,afternoon",in_person,24,47,beginner,32,
s0034,"french,geography,philosophy,physics",kinesthetic,"afternoon,weekend,morning",online,24,41,advanced,17,any
s0035,literature,reading,"weekend,morning,evening",in_person,21,42,beginner,23,
s0036,"history,spanish,physics,philosophy",visual,morning,in_person,23,46,advanced,19,any
s0037,"music,physics",auditory,afternoon,both,24,50,intermediate,23,any
s0038,"english,history,spanish",visual,"afternoon,weekend",in_person,29,58,intermediate,35,
s0039,economics,visual,"evening,morning,afternoon",in_person,30,53,advanced,19,any
s0040,"chemistry,art,philosophy,history",visual,afternoon,in_person,28,43,advanced,27,
s0041,"chemistry,art,mathematics",visual,"morning,afternoon,evening",in_person,34,58,intermediate,27,female
s0042,"spanish,computer_science",kinesthetic,afternoon,both,22,46,beginner,32,female
s0043,"physics,chemistry,art",reading,morning,online,16,33,advanced,27,
s0044,"art,literature,french",reading,"afternoon,morning",online,23,45,intermediate,27,female
s0045,"spanish,literature",auditory,"weekend,evening,morning",both,29,51,beginner,29,male
s0046,"music,biology,spanish",reading,weekend,in_person,31,48,advanced,45,male
s0047,"music,english,philosophy,computer_science",kinesthetic,afternoon,in_person,31,46,beginner,38,male
s0048,"french,computer_science,music",reading,"morning,weekend,evening",in_person,20,43,advanced,26,male
s0049,"french,art,spanish",visual,"morning,weekend,afternoon",online,25,36,intermediate,43,male
s0050,"economics,biology,philosophy,spanish",reading,"evening,morning",online,15,28,beginner,23,any
s0051,"mathematics,economics",auditory,"evening,weekend",in_person,28,52,intermediate,28,male
s0052,music,visual,"evening,weekend,morning",in_person,29,58,beginner,44,male
s0053,"french,computer_science,chemistry,geography",kinesthetic,weekend,both,26,42,advanced,24,any
s0054,"mathematics,computer_science",visual,"weekend,morning,evening",in_person,27,43,advanced,25,any
s0055,physics,reading,"evening,weekend",online,19,34,advanced,33,male
s0056,geography,auditory,"morning,weekend,afternoon",online,25,48,advanced,30,any
s0057,"physics,computer_science,french",auditory,"weekend,afternoon,morning",online,24,38,intermediate,22,female
s0058,chemistry,reading,"morning,afternoon",online,20,45,advanced,20,female
s0059,"history,philosophy,english",auditory,"afternoon,morning",in_person,22,51,advanced,40,female
s0060,"english,economics,literature,spanish",kinesthetic,afternoon,both,27,52,intermediate,36,
s0061,"philosophy,chemistry",reading,"evening,morning",online,22,43,beginner,25,male
s0062,"biology,chemistry,physics",visual,morning,online,21,43,advanced,37,
s0063,biology,kinesthetic,"weekend,morning",both,35,63,beginner,41,
s0064,"computer_science,literature,english",kinesthetic,"morning,evening,afternoon",both,28,57,intermediate,30,any
s0065,"philosophy,biology,music,art",auditory,"afternoon,weekend",both,29,58,advanced,26,female
s0066,art,kinesthetic,"evening,morning,weekend",in_person,25,45,beginner,23,male
s0067,music,visual,morning,online,24,43,advanced,36,any
s0068,"literature,art,economics",visual,"weekend,morning",in_person,24,43,advanced,37,any
s0069,"spanish,economics,computer_science,art",kinesthetic,"morning,weekend",online,20,36,beginner,17,any
s0070,"spanish,computer_science",auditory,weekend,both,27,45,advanced,29,male
s0071,"computer_science,physics,philosophy,literature",auditory,evening,in_person,28,47,intermediate,44,female
s0072,"geography,economics",visual,afternoon,both,33,53,intermediate,35,male
s0073,english,kinesthetic,"morning,weekend",in_person,27,44,advanced,21,any
s0074,history,kinesthetic,"weekend,afternoon,morning",both,27,46,beginner,18,any
s0075,"economics,english,mathematics",visual,"evening,afternoon",in_person,28,49,beginner,36,female
s0076,spanish,auditory,"evening,afternoon,weekend",online,19,40,beginner,45,female
s0077,"biology,english,economics,physics",auditory,"afternoon,evening",both,26,46,advanced,28,male
s0078,"computer_science,geography,philosophy,art",reading,evening,online,23,38,beginner,18,
s0079,"art,computer_science,mathematics,chemistry",reading,"afternoon,weekend",in_person,23,39,intermediate,16,any
s0080,"biology,french",auditory,morning,in_person,29,59,beginner,32,
s0081,"spanish,music",kinesthetic,weekend,in_person,27,44,advanced,32,male
s0082,physics,visual,"evening,afternoon",both,27,52,beginner,28,any
s0083,physics,auditory,"morning,weekend",in_person,29,58,beginner,23,
s0084,computer_science,kinesthetic,"weekend,morning,afternoon",both,30,52,intermediate,30,
s0085,"french,chemistry,physics,biology",auditory,"afternoon,morning",both,33,56,beginner,35,female
s0086,chemistry,kinesthetic,"afternoon,morning,evening",in_person,23,47,intermediate,33,any
s0087,"literature,chemistry",auditory,morning,both,27,51,beginner,18,male
s0088,music,auditory,"afternoon,evening",in_person,32,47,advanced,16,any
s0089,"art,computer_science,economics,biology",kinesthetic,weekend,both,23,44,intermediate,17,male
s0090,computer_science,auditory,"evening,weekend",both,24,46,advanced,30,
s0091,"literature,music,french",auditory,"afternoon,evening,weekend",online,19,30,beginner,35,
s0092,"french,mathematics",reading,"evening,morning,afternoon",in_person,32,62,beginner,22,female
s0093,"chemistry,geography",reading,"morning,evening,afternoon",both,32,56,intermediate,45,
s0094,"chemistry,mathematics",reading,"weekend,afternoon",both,20,47,beginner,16,any
s0095,"physics,geography",reading,"afternoon,evening,weekend",both,27,45,advanced,17,female
s0096,economics,visual,evening,both,28,55,beginner,41,male
s0097,"physics,chemistry,music,french",kinesthetic,"morning,evening,afternoon",in_person,20,48,beginner,32,male
s0098,"history,music,biology,physics",auditory,"afternoon,morning,evening",both,22,41,beginner,43,
s0099,"physics,computer_science",reading,weekend,in_person,28,54,intermediate,31,male
s0100,history,visual,"evening,afternoon",online,17,36,advanced,23,
s0101,"chemistry,computer_science,biology,music",auditory,"morning,afternoon",in_person,29,54,beginner,18,
s0102,"geography,chemistry,history,art",reading,afternoon,online,25,38,advanced,23,female
s0103,"philosophy,art,computer_science",auditory,"evening,weekend",online,19,33,beginner,24,
s0104,computer_science,visual,"afternoon,morning",in_person,24,43,beginner,32,male
s0105,"literature,chemistry",auditory,"morning,weekend",both,29,47,beginner,19,male
s0106,"history,economics,philosophy,english",reading,"afternoon,morning",in_person,34,57,advanced,29,female
s0107,"music,english",visual,"weekend,afternoon,morning",both,20,50,intermediate,31,female
s0108,"philosophy,economics,computer_science,literature",visual,evening,both,22,51,intermediate,32,female
s0109,english,reading,"evening,morning",online,20,40,beginner,17,male
s0110,"mathematics,geography,french",auditory,morning,online,20,36,advanced,18,male
s0111,"physics,english,literature",visual,weekend,online,18,28,intermediate,39,any
s0112,"geography,physics,literature",reading,afternoon,both,26,44,intermediate,40,male
s0113,"physics,english,french,history",kinesthetic,"morning,afternoon,weekend",in_person,23,49,intermediate,36,male
s0114,geography,visual,"weekend,afternoon,evening",online,18,41,advanced,27,any
s0115,"philosophy,biology",kinesthetic,morning,online,22,37,beginner,23,female
s0116,"mathematics,english,geography",kinesthetic,evening,in_person,26,48,beginner,25,
s0117,"english,economics",reading,"morning,weekend,afternoon",both,21,49,advanced,36,male
s0118,"literature,computer_science,art",reading,"evening,weekend",online,24,46,intermediate,41,male
s0119,"economics,geography",reading,"weekend,afternoon",both,31,59,advanced,17,female
s0120,"physics,music",auditory,afternoon,online,15,33,beginner,40,female
s0121,"philosophy,computer_science,music,history",kinesthetic,"evening,afternoon,morning",in_person,25,51,beginner,16,any
s0122,geography,visual,"weekend,afternoon,evening",online,21,40,beginner,25,
s0123,mathematics,auditory,"evening,morning",online,19,32,intermediate,17,any
s0124,"mathematics,philosophy,economics,geography",kinesthetic,"weekend,evening",in_person,28,44,advanced,43,
s0125,english,kinesthetic,morning,both,27,56,intermediate,36,female
s0126,"mathematics,chemistry,economics",auditory,"afternoon,evening,weekend",online,21,32,beginner,32,any
s0127,"computer_science,english",reading,evening,in_person,27,56,advanced,19,
s0128,"literature,philosophy,physics",auditory,evening,both,20,42,intermediate,21,any
s0129,computer_science,kinesthetic,"evening,morning",online,22,45,beginner,42,male
s0130,"computer_science,biology",visual,"morning,afternoon,evening",online,23,33,advanced,36,
s0131,"philosophy,art,physics,computer_science",auditory,"morning,afternoon",in_person,33,61,intermediate,43,any
s0132,"spanish,art",auditory,"weekend,morning",both,31,54,beginner,26,
s0133,english,visual,"morning,weekend,afternoon",in_person,24,48,intermediate,31,any
s0134,"literature,spanish",auditory,afternoon,online,15,31,advanced,38,any
s0135,philosophy,reading,weekend,in_person,25,49,intermediate,43,
s0136,"economics,philosophy",reading,weekend,in_person,26,54,beginner,36,female
s0137,"biology,physics,french,music",kinesthetic,"afternoon,morning,weekend",both,20,35,beginner,26,male
s0138,"economics,english,computer_science",auditory,evening,both,29,47,advanced,22,male
s0139,"physics,economics,philosophy",reading,"evening,afternoon,weekend",in_person,25,46,intermediate,26,
s0140,spanish,reading,"afternoon,weekend",in_person,21,37,beginner,26,male
s0141,spanish,kinesthetic,"weekend,afternoon,evening",both,30,48,beginner,45,
s0142,"biology,computer_science",reading,"evening,afternoon",online,17,33,advanced,20,any
s0143,"english,biology",auditory,"morning,afternoon,evening",in_person,29,51,advanced,45,any
s0144,"french,spanish,biology,geography",visual,"weekend,afternoon",both,35,51,beginner,36,female
s0145,french,auditory,"morning,afternoon",in_person,24,48,advanced,21,female
s0146,"literature,art",visual,morning,online,18,37,beginner,28,male
s0147,"art,computer_science",kinesthetic,"morning,afternoon,evening",both,32,62,advanced,17,any
s0148,"history,mathematics,chemistry",reading,"evening,weekend",both,24,40,advanced,17,any
s0149,"history,spanish,chemistry,music",kinesthetic,afternoon,both,34,49,advanced,38,male
s0150,"economics,music",kinesthetic,"evening,morning",online,16,34,beginner,32,female
s0151,physics,reading,"weekend,afternoon",both,31,58,advanced,22,male
s0152,english,visual,"weekend,afternoon,evening",in_person,27,55,advanced,41,male
s0153,"physics,mathematics,philosophy,geography",auditory,evening,online,22,34,intermediate,32,male
s0154,computer_science,visual,weekend,in_person,26,43,intermediate,39,
s0155,"music,chemistry",auditory,"afternoon,weekend,morning",both,33,59,advanced,28,male
s0156,"english,literature,mathematics",visual,morning,online,21,41,beginner,34,male
s0157,"geography,music,physics,french",reading,afternoon,online,16,33,intermediate,26,
s0158,"literature,history",auditory,"morning,afternoon",online,16,29,intermediate,17,male
s0159,"chemistry,philosophy",reading,evening,both,21,38,beginner,21,any
s0160,"music,history,mathematics",reading,"evening,morning",in_person,33,57,advanced,32,any
s0161,"literature,philosophy,music,mathematics",kinesthetic,"morning,evening",in_person,27,42,advanced,33,female
s0162,"biology,geography",auditory,weekend,online,19,35,intermediate,32,any
s0163,"spanish,geography",visual,"weekend,morning,evening",in_person,25,41,intermediate,21,female
s0164,"history,art",reading,"morning,weekend,evening",online,18,38,advanced,32,
s0165,"geography,art,spanish,music",reading,"evening,morning",online,17,38,advanced,41,male
s0166,"computer_science,philosophy,english,biology",kinesthetic,weekend,both,20,36,advanced,32,male
s0167,"economics,mathematics",auditory,evening,both,31,46,beginner,17,male
s0168,spanish,auditory,"evening,morning",in_person,28,54,advanced,34,male
s0169,"spanish,geography,french,music",reading,"morning,afternoon,evening",in_person,24,43,intermediate,30,
s0170,"chemistry,mathematics,economics",reading,"afternoon,morning,evening",online,15,39,intermediate,45,
s0171,"art,biology",auditory,evening,online,17,39,advanced,26,any
s0172,"chemistry,computer_science",kinesthetic,evening,online,25,45,beginner,33,any
s0173,"philosophy,biology,art,english",reading,afternoon,in_person,32,58,beginner,25,
s0174,"music,philosophy",auditory,"afternoon,morning",online,24,34,beginner,42,
s0175,"economics,art,history,biology",kinesthetic,"afternoon,morning,weekend",both,20,38,intermediate,44,
s0176,mathematics,visual,"afternoon,morning",in_person,24,43,advanced,37,female
s0177,"biology,computer_science,mathematics,history",reading,evening,online,24,48,beginner,40,female
s0178,philosophy,visual,evening,in_person,29,48,advanced,22,
s0179,chemistry,auditory,"weekend,afternoon,evening",online,17,29,intermediate,20,any
s0180,"literature,economics",kinesthetic,"weekend,morning",online,20,44,intermediate,38,any
s0181,"biology,physics,history",kinesthetic,"weekend,evening,morning",in_person,22,50,beginner,31,female
s0182,"physics,mathematics",auditory,"evening,afternoon",both,27,54,advanced,36,female
s0183,"geography,mathematics",visual,"afternoon,weekend,evening",in_person,28,49,intermediate,20,male
s0184,"art,mathematics,philosophy",visual,"evening,weekend,afternoon",in_person,22,52,intermediate,40,any
s0185,"philosophy,mathematics",auditory,"evening,morning,afternoon",online,24,47,beginner,41,
s0186,music,auditory,"afternoon,weekend,evening",in_person,27,43,advanced,40,female
s0187,economics,auditory,"afternoon,evening",in_person,29,49,advanced,26,male
s0188,"french,spanish,physics",auditory,"weekend,afternoon,morning",both,21,47,advanced,24,any
s0189,"french,history,mathematics,art",reading,"evening,afternoon,weekend",in_person,33,58,advanced,40,male
s0190,"philosophy,art",auditory,evening,online,23,46,advanced,45,male
s0191,"biology,chemistry",kinesthetic,"afternoon,weekend",both,30,60,beginner,18,
s0192,"computer_science,french",reading,morning,both,29,45,beginner,29,
s0193,"art,economics",visual,"weekend,morning,afternoon",both,22,37,intermediate,16,any
s0194,"spanish,history",kinesthetic,"weekend,morning",in_person,23,52,intermediate,21,any
s0195,"economics,music,chemistry",reading,weekend,online,15,40,beginner,18,male
s0196,"computer_science,geography,spanish",visual,"weekend,evening",in_person,34,64,beginner,35,
s0197,"spanish,art",kinesthetic,"weekend,morning,afternoon",in_person,31,58,advanced,21,
s0198,mathematics,kinesthetic,"weekend,afternoon,evening",in_person,23,44,beginner,40,female
s0199,english,reading,"morning,evening",in_person,26,49,beginner,23,any
s0200,"physics,literature,music",visual,"weekend,evening,morning",online,15,35,intermediate,21,any
s0201,"english,economics,chemistry",kinesthetic,"evening,afternoon,morning",online,20,41,intermediate,45,female
s0202,"biology,physics,geography",reading,"weekend,afternoon",both,26,42,beginner,22,male
s0203,"english,computer_science,biology,economics",reading,"weekend,morning,afternoon",online,23,47,advanced,21,female
s0204,"computer_science,economics,philosophy,french",kinesthetic,morning,in_person,21,39,beginner,21,female
s0205,"economics,music",kinesthetic,"weekend,evening",in_person,28,46,advanced,33,
s0206,spanish,auditory,"afternoon,morning,weekend",online,18,42,advanced,29,any
s0207,"biology,mathematics,spanish,literature",visual,"weekend,morning",in_person,23,47,beginner,45,any
s0208,"literature,geography,french",auditory,morning,both,27,44,advanced,20,any
s0209,philosophy,visual,"morning,evening",in_person,21,39,advanced,25,male
s0210,philosophy,auditory,"evening,afternoon,morning",both,29,46,intermediate,32,
s0211,philosophy,kinesthetic,"afternoon,morning,weekend",both,32,61,advanced,18,any
s0212,"chemistry,literature,mathematics",auditory,afternoon,both,34,64,advanced,25,any
s0213,mathematics,reading,"evening,weekend",online,21,33,intermediate,34,
s0214,philosophy,reading,afternoon,online,20,32,intermediate,32,male
s0215,"biology,chemistry,spanish,art",kinesthetic,"afternoon,evening",online,18,32,intermediate,23,female
s0216,philosophy,kinesthetic,"evening,morning",both,35,64,intermediate,27,any
s0217,"english,physics",reading,afternoon,online,20,42,intermediate,39,
s0218,"physics,spanish",kinesthetic,"afternoon,weekend,morning",in_person,30,54,advanced,45,male
s0219,"biology,geography,physics,music",auditory,"morning,afternoon,weekend",both,25,51,intermediate,34,male
s0220,"chemistry,spanish,geography,english",kinesthetic,"weekend,morning,afternoon",in_person,21,46,advanced,21,
s0221,"art,spanish,economics",auditory,"afternoon,morning,weekend",in_person,35,62,advanced,22,
s0222,"spanish,literature,mathematics,french",visual,"morning,weekend",in_person,31,50,intermediate,19,any
s0223,"english,spanish",reading,"weekend,evening",in_person,22,40,intermediate,29,
s0224,"philosophy,spanish,computer_science,physics",visual,afternoon,online,21,37,beginner,34,any
s0225,"music,biology,literature,chemistry",reading,"weekend,afternoon",both,26,43,beginner,26,female
s0226,"mathematics,economics",reading,weekend,in_person,33,57,beginner,29,
s0227,"french,economics,spanish,music",auditory,evening,in_person,32,53,beginner,30,female
s0228,"art,music",kinesthetic,"evening,morning",both,33,49,advanced,39,
s0229,"chemistry,physics",kinesthetic,"afternoon,morning,evening",in_person,30,51,intermediate,24,female
s0230,"physics,spanish,chemistry,art",kinesthetic,"morning,evening,afternoon",online,16,41,beginner,27,any
s0231,philosophy,visual,evening,online,23,33,intermediate,21,any
s0232,english,reading,"afternoon,morning,weekend",both,22,42,advanced,33,
s0233,"geography,history,computer_science",reading,"morning,afternoon",in_person,26,45,advanced,30,
s0234,"physics,music,economics,history",reading,"morning,evening,afternoon",online,19,31,intermediate,29,any
s0235,"chemistry,literature,french,philosophy",visual,"morning,weekend",in_person,33,56,beginner,40,
s0236,philosophy,auditory,"weekend,morning",both,24,53,beginner,31,male
s0237,"biology,computer_science,chemistry",kinesthetic,"afternoon,weekend",in_person,25,53,beginner,33,
s0238,"english,spanish,chemistry",kinesthetic,"afternoon,morning,weekend",in_person,27,46,advanced,28,male
s0239,"history,music,biology,mathematics",visual,evening,both,23,39,advanced,18,
s0240,"literature,physics,music",kinesthetic,"evening,weekend,afternoon",online,16,34,beginner,41,male
s0241,"history,english,literature,chemistry",kinesthetic,evening,both,22,45,beginner,17,female
s0242,"philosophy,french,art",visual,"weekend,evening,afternoon",both,33,53,beginner,31,any
s0243,"physics,economics,computer_science",visual,"morning,weekend",in_person,29,54,beginner,24,female
s0244,"economics,physics,biology",kinesthetic,morning,in_person,20,40,advanced,19,male
s0245,"french,spanish,literature,music",auditory,"evening,afternoon",both,29,45,advanced,23,male
s0246,"literature,physics",reading,evening,both,30,53,advanced,17,any
s0247,"english,biology",kinesthetic,"afternoon,weekend",online,21,44,intermediate,41,female
s0248,computer_science,reading,"weekend,afternoon",online,25,38,beginner,40,
s0249,"geography,art",kinesthetic,"evening,afternoon,morning",both,28,51,advanced,22,male
s0250,"physics,biology,spanish",kinesthetic,"morning,weekend",in_person,29,52,beginner,30,male
s0251,"biology,history,physics",auditory,weekend,in_person,22,39,advanced,24,any
s0252,"philosophy,spanish,french,music",visual,"afternoon,morning",online,23,48,intermediate,30,male
s0253,history,auditory,"morning,weekend",in_person,21,50,beginner,38,female
s0254,chemistry,visual,"afternoon,weekend,morning",in_person,30,59,intermediate,34,female
s0255,french,visual,"evening,morning,afternoon",online,20,43,advanced,20,any
s0256,"french,music,philosophy",kinesthetic,"morning,afternoon,weekend",both,35,51,advanced,28,
s0257,"computer_science,literature,spanish",auditory,"evening,morning",online,16,31,intermediate,25,
s0258,chemistry,reading,morning,both,34,49,intermediate,16,
s0259,computer_science,auditory,"afternoon,weekend",in_person,33,54,beginner,27,female
s0260,music,visual,evening,online,19,44,beginner,18,
s0261,"mathematics,geography",reading,weekend,in_person,29,45,intermediate,44,
s0262,literature,visual,weekend,in_person,34,61,intermediate,43,male
s0263,"english,spanish,mathematics,biology",kinesthetic,"morning,evening,weekend",both,26,54,intermediate,29,any
s0264,"literature,music,french,chemistry",reading,"morning,weekend,evening",online,20,45,intermediate,22,
s0265,"economics,physics,english,chemistry",reading,"weekend,evening",both,25,55,advanced,33,male
s0266,biology,auditory,"evening,morning,afternoon",both,31,53,intermediate,30,female
s0267,chemistry,visual,weekend,both,28,52,intermediate,17,any
s0268,"art,geography,literature,history",visual,"weekend,evening",online,17,38,intermediate,36,any
s0269,"chemistry,economics,literature",auditory,morning,both,29,53,beginner,45,male
s0270,"history,economics,art,chemistry",visual,"afternoon,evening",in_person,26,44,beginner,43,any
s0271,"music,art,mathematics,physics",kinesthetic,morning,in_person,23,40,beginner,42,male
s0272,"physics,spanish,english",kinesthetic,evening,in_person,28,48,advanced,17,
s0273,"music,french,philosophy",kinesthetic,weekend,online,15,39,beginner,23,female
s0274,"french,history,geography",reading,morning,in_person,20,41,beginner,28,female
s0275,"chemistry,french",reading,"afternoon,morning,weekend",in_person,30,55,advanced,41,male
s0276,"music,literature,spanish,geography",auditory,"evening,weekend,morning",both,35,56,advanced,28,male
s0277,mathematics,auditory,afternoon,online,22,42,advanced,39,male
s0278,biology,auditory,weekend,in_person,27,43,advanced,26,male
s0279,philosophy,reading,"morning,evening",both,29,44,intermediate,30,female
s0280,mathematics,visual,"weekend,afternoon,morning",online,15,28,advanced,30,
s0281,"literature,french,computer_science",auditory,"morning,afternoon",both,24,50,beginner,18,any
s0282,philosophy,auditory,"weekend,afternoon",both,22,42,beginner,40,female
s0283,"economics,art,chemistry,english",auditory,"morning,evening",both,28,43,beginner,29,
s0284,"art,english,physics,chemistry",reading,morning,online,21,45,intermediate,16,
s0285,history,reading,"afternoon,weekend",both,23,39,advanced,39,any
s0286,physics,kinesthetic,morning,in_person,24,45,intermediate,37,
s0287,"computer_science,history",visual,"afternoon,weekend",online,25,42,advanced,43,male
s0288,philosophy,kinesthetic,"weekend,morning,afternoon",in_person,29,51,beginner,37,male
s0289,"english,french,geography,music",kinesthetic,"afternoon,weekend",online,23,34,beginner,33,
s0290,"economics,english",auditory,weekend,in_person,25,40,beginner,34,any
s0291,"art,spanish,economics,french",auditory,"afternoon,evening",online,22,43,beginner,42,
s0292,physics,reading,"morning,weekend,evening",both,34,52,intermediate,27,
s0293,"english,history,geography",auditory,evening,online,22,42,beginner,43,any
s0294,"geography,economics,physics,mathematics",visual,evening,in_person,25,42,advanced,35,male
s0295,"mathematics,french,physics",visual,"morning,afternoon",in_person,25,42,beginner,43,
s0296,"philosophy,spanish,geography",kinesthetic,"evening,weekend,afternoon",both,22,39,beginner,23,
s0297,"physics,english",kinesthetic,afternoon,online,25,44,intermediate,20,male
s0298,"biology,computer_science",kinesthetic,morning,online,22,35,advanced,35,
s0299,"chemistry,economics,music,physics",kinesthetic,evening,online,23,44,advanced,43,male
s0300,"art,biology,geography",visual,"morning,afternoon",online,15,27,intermediate,21,male
s0301,"art,history,computer_science",visual,"evening,weekend",in_person,23,47,beginner,34,
s0302,"biology,french,geography",kinesthetic,morning,in_person,34,50,advanced,38,male
s0303,"french,english,history",kinesthetic,morning,online,24,34,beginner,38,female
s0304,art,kinesthetic,"evening,weekend,morning",online,18,28,advanced,38,
s0305,"music,art",reading,weekend,both,25,46,intermediate,35,male
s0306,philosophy,visual,afternoon,in_person,24,51,advanced,37,
s0307,"biology,geography,computer_science,english",auditory,"weekend,evening",online,17,27,advanced,36,
s0308,"history,computer_science",visual,weekend,online,24,38,intermediate,34,female
s0309,"computer_science,spanish",kinesthetic,"morning,afternoon,weekend",both,26,50,beginner,19,
s0310,"biology,computer_science,music",kinesthetic,afternoon,in_person,27,52,beginner,29,female
s0311,"economics,chemistry,history",reading,"weekend,afternoon,morning",online,19,43,advanced,27,
s0312,biology,kinesthetic,"morning,afternoon,evening",online,23,34,intermediate,29,female
s0313,"music,spanish",visual,"evening,morning,weekend",online,23,41,advanced,27,
s0314,"french,spanish",reading,"morning,evening,weekend",in_person,35,58,intermediate,44,any
s0315,"spanish,computer_science,geography",visual,"afternoon,weekend",both,27,50,beginner,17,male
s0316,history,kinesthetic,"evening,morning,afternoon",online,18,31,beginner,31,any
s0317,"mathematics,physics",auditory,"weekend,morning,afternoon",online,16,34,advanced,26,male
s0318,mathematics,reading,"afternoon,evening,weekend",both,32,47,advanced,35,female
s0319,english,visual,evening,both,20,45,intermediate,24,male
s0320,art,visual,"evening,afternoon",both,30,59,advanced,18,male
s0321,"chemistry,music",visual,"morning,weekend,afternoon",both,22,41,intermediate,37,female
s0322,french,kinesthetic,morning,online,25,47,advanced,32,any
s0323,"music,spanish,english",auditory,"evening,morning",in_person,28,43,advanced,37,female
s0324,physics,reading,"afternoon,morning",online,22,44,advanced,24,female
s0325,"french,philosophy",visual,"weekend,morning,evening",both,34,49,beginner,44,
s0326,"spanish,physics",visual,"afternoon,morning",in_person,31,47,beginner,34,
s0327,"art,philosophy",reading,evening,in_person,28,58,beginner,32,any
s0328,"spanish,french,physics,mathematics",reading,"weekend,afternoon,morning",online,22,36,beginner,39,
s0329,"computer_science,philosophy",visual,morning,both,32,62,intermediate,23,male
s0330,french,reading,"weekend,evening,morning",both,30,48,intermediate,36,any
s0331,"mathematics,computer_science",auditory,weekend,both,23,43,beginner,25,male
s0332,computer_science,reading,"weekend,morning",in_person,21,40,beginner,40,female
s0333,french,reading,"weekend,evening,morning",online,17,30,intermediate,23,
s0334,"economics,geography,spanish",kinesthetic,"morning,afternoon",online,24,35,intermediate,45,male
s0335,"art,literature,physics,economics",kinesthetic,evening,both,20,48,beginner,40,male
s0336,"philosophy,physics",reading,weekend,both,29,50,intermediate,30,female
s0337,"literature,economics,art,philosophy",kinesthetic,afternoon,in_person,26,51,beginner,32,female
s0338,"biology,music,literature,physics",reading,"evening,afternoon,morning",both,25,44,advanced,19,
s0339,"physics,french,geography,english",visual,"morning,afternoon,weekend",both,24,43,beginner,26,female
s0340,"spanish,economics",kinesthetic,afternoon,in_person,35,55,advanced,19,female
s0341,chemistry,kinesthetic,"evening,morning,afternoon",both,20,48,advanced,25,any
s0342,"computer_science,economics,chemistry,music",auditory,"evening,afternoon",online,17,31,beginner,19,any
s0343,"mathematics,spanish,economics",kinesthetic,evening,online,16,34,advanced,43,female
s0344,chemistry,kinesthetic,"morning,afternoon,evening",in_person,30,57,advanced,33,
s0345,"mathematics,history,economics,physics",auditory,afternoon,in_person,35,60,beginner,26,any
s0346,"philosophy,french,economics,chemistry",auditory,"afternoon,evening",in_person,25,42,advanced,45,any
s0347,"chemistry,economics,computer_science,philosophy",auditory,"morning,afternoon,evening",online,15,25,beginner,25,any
s0348,"chemistry,spanish",visual,"weekend,afternoon",both,27,44,beginner,17,
s0349,"literature,geography,biology,physics",visual,"morning,weekend",online,20,31,beginner,33,any
s0350,"history,computer_science,geography",visual,evening,both,31,50,intermediate,22,
s0351,"history,french,philosophy,geography",kinesthetic,"morning,weekend,evening",online,21,45,intermediate,24,male
s0352,computer_science,auditory,"evening,weekend",both,31,54,beginner,40,female
s0353,"spanish,music,literature",auditory,"afternoon,evening",both,21,40,beginner,41,male
s0354,"geography,biology,mathematics",visual,"weekend,morning",online,19,39,advanced,36,
s0355,"art,chemistry,philosophy,history",kinesthetic,evening,in_person,34,64,intermediate,43,any
s0356,"physics,geography,music",visual,"weekend,afternoon,morning",online,15,27,advanced,38,male
s0357,"english,art",reading,"evening,weekend",both,20,37,intermediate,22,
s0358,"computer_science,geography,biology,art",kinesthetic,"evening,afternoon",in_person,28,53,intermediate,33,
s0359,"physics,biology",auditory,"evening,morning,afternoon",both,28,49,intermediate,28,male
s0360,"literature,english,economics",reading,afternoon,both,29,44,advanced,16,any
s0361,"spanish,geography",auditory,"evening,weekend,morning",in_person,20,36,beginner,21,female
s0362,"economics,geography",kinesthetic,evening,in_person,33,63,intermediate,23,male
s0363,"computer_science,french,spanish,art",visual,"afternoon,evening,morning",both,21,44,intermediate,42,male
s0364,"computer_science,chemistry",kinesthetic,"afternoon,weekend,morning",in_person,29,52,beginner,16,male
s0365,"spanish,mathematics",kinesthetic,evening,online,20,37,advanced,40,male
s0366,"economics,biology,physics,philosophy",auditory,"evening,afternoon,morning",online,25,50,beginner,37,
s0367,"history,geography,art",auditory,"afternoon,weekend",both,20,39,beginner,35,female
s0368,literature,kinesthetic,"morning,afternoon,weekend",in_person,30,47,intermediate,17,male
s0369,"chemistry,spanish,english,literature",kinesthetic,"morning,afternoon",online,23,33,intermediate,20,female
s0370,"spanish,biology,music",visual,afternoon,online,25,48,beginner,36,any
s0371,"english,literature",reading,"evening,morning,afternoon",in_person,32,50,intermediate,20,
s0372,"physics,chemistry,computer_science,spanish",visual,"weekend,afternoon,morning",both,20,39,intermediate,16,
s0373,geography,kinesthetic,"morning,weekend",online,25,43,intermediate,25,any
s0374,"french,biology",reading,"afternoon,evening",in_person,32,52,beginner,36,female
s0375,computer_science,visual,"afternoon,morning",online,19,29,beginner,34,any
s0376,"chemistry,computer_science",reading,afternoon,online,15,31,intermediate,17,
s0377,"spanish,mathematics,chemistry",visual,"weekend,evening,afternoon",both,34,62,beginner,33,any
s0378,"french,art,literature,biology",visual,morning,in_person,29,56,beginner,32,male
s0379,"biology,philosophy,french",visual,"morning,evening",in_person,24,47,intermediate,18,male
s0380,"philosophy,economics",reading,afternoon,both,20,50,advanced,31,female
s0381,philosophy,reading,"evening,morning",online,22,46,advanced,41,
s0382,"literature,philosophy,english",kinesthetic,"morning,afternoon",online,15,35,advanced,16,
s0383,"art,philosophy,french,literature",kinesthetic,afternoon,both,27,42,advanced,20,
s0384,"art,mathematics",kinesthetic,"evening,weekend",in_person,22,44,intermediate,39,any
s0385,"literature,mathematics,economics",visual,morning,in_person,20,47,advanced,40,any
s0386,"music,history,philosophy",auditory,"afternoon,morning",both,23,40,intermediate,25,female
s0387,"biology,chemistry,physics,spanish",reading,afternoon,in_person,31,51,intermediate,36,female
s0388,"physics,literature",reading,"afternoon,weekend,morning",online,25,41,beginner,27,
s0389,"history,music,physics,art",kinesthetic,"weekend,morning,afternoon",in_person,34,63,beginner,24,male
s0390,philosophy,reading,"morning,afternoon,weekend",both,32,54,intermediate,34,
s0391,"biology,art,geography",auditory,"evening,afternoon,morning",in_person,23,41,intermediate,29,
s0392,"mathematics,physics,computer_science",reading,"evening,morning,weekend",online,19,44,advanced,45,
s0393,"spanish,chemistry,economics",kinesthetic,"weekend,morning",both,22,45,intermediate,20,any
s0394,"history,geography,philosophy,physics",auditory,"weekend,morning,evening",both,20,37,beginner,22,any
s0395,"literature,biology",kinesthetic,"evening,afternoon,weekend",online,16,38,advanced,25,male
s0396,literature,visual,"morning,evening,afternoon",in_person,23,45,intermediate,39,
s0397,literature,kinesthetic,"evening,morning,afternoon",both,33,61,intermediate,41,
s0398,"biology,art",visual,"afternoon,weekend,evening",in_person,21,36,beginner,27,
s0399,"geography,spanish",reading,evening,in_person,20,45,beginner,39,male
s0400,"literature,art",kinesthetic,"morning,afternoon,evening",in_person,25,49,intermediate,22,female
s0401,"english,geography,biology,physics",kinesthetic,weekend,online,16,34,intermediate,33,male
s0402,"mathematics,biology",auditory,"evening,morning",both,20,38,intermediate,18,
s0403,"physics,literature",visual,"afternoon,morning,evening",online,24,36,beginner,29,
s0404,"history,computer_science,english,mathematics",kinesthetic,"weekend,morning",both,23,45,beginner,43,female
s0405,"physics,literature,geography",kinesthetic,evening,both,24,54,advanced,18,male
s0406,"french,geography,literature,spanish",kinesthetic,"evening,weekend",in_person,33,50,advanced,30,any
s0407,"history,spanish",visual,afternoon,in_person,30,56,beginner,44,
s0408,"english,physics,computer_science,chemistry",kinesthetic,"weekend,evening,morning",in_person,23,40,advanced,21,male
s0409,art,auditory,"morning,afternoon,weekend",both,25,54,advanced,38,
s0410,philosophy,auditory,"weekend,evening,afternoon",in_person,28,48,advanced,20,
s0411,"music,spanish",kinesthetic,"evening,weekend",online,20,36,advanced,38,male
s0412,"economics,computer_science",auditory,"evening,afternoon,morning",online,18,43,advanced,24,male
s0413,"spanish,geography,economics,english",kinesthetic,afternoon,online,22,32,beginner,35,any
s0414,"computer_science,chemistry",auditory,"afternoon,morning,weekend",in_person,33,56,advanced,29,male
s0415,"literature,spanish",auditory,"afternoon,morning,evening",in_person,26,51,intermediate,20,male
s0416,"economics,spanish,physics,geography",reading,weekend,in_person,28,58,intermediate,17,male
s0417,"philosophy,english",reading,weekend,both,31,47,intermediate,40,
s0418,"computer_science,history",reading,morning,online,17,37,intermediate,25,male
s0419,mathematics,visual,"weekend,evening",in_person,33,59,intermediate,35,any
s0420,"computer_science,philosophy,french",reading,"weekend,morning",both,26,53,intermediate,45,female
s0421,"music,philosophy,spanish,geography",reading,morning,both,20,41,advanced,24,male
s0422,french,visual,"morning,weekend,afternoon",both,28,45,intermediate,41,male
s0423,"spanish,french,mathematics,biology",auditory,morning,both,33,59,beginner,44,
s0424,"mathematics,biology,history",kinesthetic,"evening,morning,weekend",both,33,48,intermediate,32,
s0425,"geography,history,music,english",reading,morning,in_person,32,60,advanced,35,male
s0426,"chemistry,english,mathematics,philosophy",kinesthetic,"afternoon,evening",online,16,30,beginner,39,any
s0427,philosophy,reading,"morning,weekend,afternoon",both,22,41,beginner,35,male
s0428,mathematics,auditory,"evening,weekend",online,18,33,intermediate,34,male
s0429,french,reading,"morning,weekend",in_person,31,57,beginner,43,
s0430,"chemistry,history,mathematics,computer_science",kinesthetic,"afternoon,weekend",in_person,24,46,beginner,39,any
s0431,literature,kinesthetic,morning,in_person,21,50,intermediate,40,male
s0432,"literature,art",auditory,"morning,weekend",in_person,28,58,advanced,38,any
s0433,"literature,physics,geography",reading,"afternoon,weekend",in_person,25,46,beginner,27,female
s0434,philosophy,reading,"evening,afternoon",both,24,43,beginner,16,male
s0435,mathematics,reading,"afternoon,evening,morning",both,26,52,beginner,32,
s0436,"literature,physics,economics,biology",kinesthetic,"morning,afternoon",in_person,24,52,intermediate,33,female
s0437,"french,geography,computer_science,mathematics",reading,"weekend,afternoon",online,19,36,advanced,31,male
s0438,"geography,chemistry,biology",visual,"morning,weekend",both,21,47,beginner,29,
s0439,biology,kinesthetic,evening,online,17,41,intermediate,26,male
s0440,"geography,economics,physics,history",kinesthetic,evening,both,25,52,advanced,20,
s0441,spanish,reading,"weekend,afternoon",both,34,60,advanced,40,
s0442,"music,physics",visual,"evening,weekend",online,16,26,intermediate,31,male
s0443,"biology,chemistry,spanish",auditory,"afternoon,weekend,evening",in_person,25,47,intermediate,21,any
s0444,french,auditory,"evening,afternoon",in_person,26,42,beginner,40,any
s0445,"physics,french,chemistry,art",reading,"weekend,morning",online,17,27,intermediate,30,
s0446,french,auditory,"afternoon,evening,weekend",online,24,36,intermediate,20,
s0447,"computer_science,geography,french",auditory,afternoon,online,20,40,beginner,26,female
s0448,"chemistry,music,philosophy",reading,afternoon,both,26,56,advanced,23,
s0449,"mathematics,english,spanish,economics",kinesthetic,"morning,afternoon,weekend",online,17,35,intermediate,21,any
s0450,"physics,literature",visual,"weekend,morning",online,18,33,beginner,26,any
s0451,"english,chemistry,economics",auditory,"afternoon,evening,morning",online,25,39,intermediate,37,male
s0452,"spanish,biology,computer_science,mathematics",reading,evening,in_person,32,53,beginner,41,female
s0453,"chemistry,history",kinesthetic,"afternoon,morning,evening",in_person,35,58,beginner,27,male
s0454,"french,computer_science,chemistry",auditory,"evening,morning",both,21,41,beginner,27,female
s0455,"computer_science,english,economics,music",kinesthetic,"morning,afternoon,weekend",both,22,42,advanced,23,
s0456,"economics,chemistry,biology,mathematics",visual,"morning,evening",in_person,34,56,intermediate,42,any
s0457,biology,visual,"weekend,afternoon,morning",in_person,22,52,beginner,39,any
s0458,"economics,art,chemistry",visual,"weekend,evening,afternoon",both,24,43,beginner,29,male
s0459,"geography,chemistry,french,art",visual,"morning,weekend",both,28,46,beginner,33,female
s0460,"spanish,mathematics",auditory,"evening,weekend",both,29,47,intermediate,34,any
s0461,"french,philosophy,music,biology",reading,evening,in_person,32,57,beginner,41,male
s0462,"literature,chemistry,physics",auditory,weekend,both,26,43,advanced,34,any
s0463,"physics,philosophy",reading,evening,both,33,49,intermediate,28,
s0464,"philosophy,english,geography",reading,morning,in_person,28,54,intermediate,30,male
s0465,"chemistry,economics,mathematics",auditory,weekend,both,35,62,beginner,25,female
s0466,physics,kinesthetic,morning,both,32,49,intermediate,24,female
s0467,"economics,biology",auditory,"afternoon,evening,morning",in_person,26,46,advanced,29,any
s0468,"french,mathematics,history",visual,"evening,morning",online,15,30,advanced,42,female
s0469,"philosophy,english",visual,"morning,weekend",both,32,59,beginner,31,
s0470,art,kinesthetic,evening,both,29,44,intermediate,41,male
s0471,"biology,art,english,economics",auditory,"evening,weekend,morning",in_person,30,59,intermediate,25,any
s0472,english,visual,"weekend,afternoon,morning",in_person,35,53,advanced,37,male
s0473,french,kinesthetic,"afternoon,morning,evening",online,18,35,beginner,33,any
s0474,"mathematics,computer_science,french,geography",reading,evening,in_person,30,55,intermediate,22,
s0475,computer_science,visual,morning,in_person,29,44,intermediate,45,
s0476,"economics,geography",kinesthetic,morning,both,23,45,advanced,42,male
s0477,"philosophy,biology,music",kinesthetic,"afternoon,weekend",in_person,33,63,beginner,34,male
s0478,"philosophy,history",visual,"weekend,morning",in_person,27,57,beginner,29,female
s0479,mathematics,visual,evening,online,18,41,advanced,26,
s0480,biology,auditory,morning,both,20,49,advanced,28,any
s0481,literature,auditory,"evening,afternoon,morning",in_person,21,38,intermediate,36,male
s0482,"spanish,english,art",auditory,"weekend,evening,morning",both,22,44,advanced,16,female
s0483,"chemistry,spanish,music",kinesthetic,morning,in_person,31,57,beginner,36,male
s0484,"english,chemistry",auditory,evening,in_person,29,52,beginner,38,any
s0485,"physics,chemistry",visual,"weekend,morning",both,26,52,advanced,21,male
s0486,french,visual,afternoon,in_person,23,41,beginner,42,male
s0487,"english,philosophy,literature,biology",auditory,morning,online,25,48,intermediate,38,any
s0488,music,reading,"weekend,morning,afternoon",both,30,50,intermediate,41,male
s0489,"literature,geography",reading,"morning,evening,weekend",both,32,58,intermediate,18,female
s0490,"french,mathematics,computer_science,literature",auditory,morning,in_person,32,52,advanced,19,
s0491,"history,mathematics",reading,"morning,afternoon,evening",in_person,26,46,beginner,22,male
s0492,"french,music,philosophy",reading,"afternoon,weekend",both,24,47,advanced,30,female
s0493,"biology,french,literature",visual,afternoon,online,20,41,advanced,25,male
s0494,"chemistry,mathematics",visual,weekend,in_person,35,62,intermediate,42,
s0495,"economics,history,biology",visual,evening,online,20,45,intermediate,28,
s0496,mathematics,kinesthetic,weekend,in_person,29,49,intermediate,17,
s0497,"geography,mathematics,art",auditory,"weekend,evening,morning",in_person,35,55,advanced,36,
s0498,"history,mathematics,spanish,geography",kinesthetic,"morning,evening,weekend",both,20,50,intermediate,42,
s0499,"mathematics,english,physics,chemistry",reading,"afternoon,weekend,evening",both,31,50,beginner,16,
s0500,"music,computer_science,mathematics",visual,evening,online,17,34,beginner,44,
s0501,"economics,literature,chemistry,computer_science",auditory,morning,in_person,23,39,beginner,33,
s0502,"chemistry,economics,spanish,philosophy",reading,"evening,afternoon",in_person,20,36,intermediate,19,female
s0503,french,reading,afternoon,both,30,56,intermediate,38,male
s0504,"physics,mathematics,history,spanish",auditory,"morning,afternoon",both,26,45,intermediate,30,
s0505,art,visual,"afternoon,evening",online,18,41,beginner,26,female
s0506,"mathematics,geography,economics,english",auditory,evening,in_person,29,59,beginner,45,male
s0507,spanish,visual,"afternoon,evening,weekend",both,32,52,intermediate,28,any
s0508,history,kinesthetic,evening,online,19,34,beginner,28,any
s0509,"mathematics,physics",auditory,"afternoon,evening",online,21,31,advanced,19,any
s0510,"music,history,biology,chemistry",kinesthetic,"evening,morning,afternoon",in_person,30,50,intermediate,27,any
s0511,computer_science,kinesthetic,"evening,morning,weekend",online,23,43,beginner,32,any
s0512,"art,english,mathematics,literature",kinesthetic,evening,both,23,48,intermediate,28,female
s0513,"music,french,spanish,literature",auditory,"weekend,morning,evening",both,31,52,intermediate,45,female
s0514,geography,kinesthetic,"evening,weekend",in_person,34,50,beginner,38,
s0515,"physics,mathematics,biology,english",kinesthetic,morning,both,27,42,advanced,30,any
s0516,economics,kinesthetic,"afternoon,weekend,morning",in_person,31,59,intermediate,29,female
s0517,"literature,philosophy",visual,"afternoon,morning,weekend",both,28,47,intermediate,19,
s0518,"philosophy,art,biology",auditory,"afternoon,morning",in_person,21,48,intermediate,25,female
s0519,"english,literature",reading,"evening,weekend",online,25,39,beginner,21,male
s0520,chemistry,visual,"morning,weekend",both,35,55,advanced,24,male
s0521,"physics,economics,mathematics",reading,"weekend,afternoon",online,25,41,intermediate,41,any
s0522,"english,history,economics,computer_science",kinesthetic,morning,online,15,40,beginner,28,
s0523,"geography,mathematics,philosophy,english",auditory,"weekend,evening,afternoon",in_person,28,57,intermediate,44,any
s0524,economics,kinesthetic,"afternoon,evening",both,31,52,beginner,18,
s0525,"philosophy,mathematics,history,computer_science",reading,"afternoon,morning,weekend",both,27,42,beginner,37,
s0526,art,kinesthetic,morning,both,22,37,advanced,25,female
s0527,"economics,music,history,french",auditory,"weekend,afternoon,morning",online,16,31,beginner,28,
s0528,"music,french,art,history",visual,"afternoon,weekend",both,21,48,intermediate,28,female
s0529,geography,kinesthetic,"weekend,morning,afternoon",in_person,28,50,advanced,41,any
s0530,"literature,mathematics,french,history",auditory,"morning,afternoon,weekend",online,18,37,intermediate,35,female
s0531,"philosophy,physics",kinesthetic,"morning,evening",online,16,27,intermediate,33,male
s0532,"history,physics",reading,"afternoon,evening,weekend",online,22,32,beginner,42,female
s0533,"music,economics,french,english",auditory,"evening,morning",in_person,28,55,advanced,38,any
s0534,"history,english,computer_science,economics",visual,afternoon,online,21,32,intermediate,27,any
s0535,"chemistry,english,art",reading,"morning,weekend",in_person,29,48,advanced,40,female
s0536,"mathematics,chemistry,economics,biology",reading,"weekend,evening",in_person,32,51,advanced,45,any
s0537,"economics,french",reading,"afternoon,evening",both,31,57,advanced,26,male
s0538,"philosophy,music,literature",reading,"evening,afternoon,morning",both,26,46,beginner,30,any
s0539,"geography,music,english",auditory,"afternoon,evening,weekend",in_person,33,51,intermediate,38,female
s0540,"music,philosophy,spanish",visual,evening,both,22,44,advanced,16,
s0541,"biology,english,art",kinesthetic,evening,in_person,29,50,advanced,24,male
s0542,"art,physics",visual,weekend,online,20,35,advanced,43,male
s0543,philosophy,kinesthetic,"afternoon,evening,weekend",in_person,30,51,intermediate,38,male
s0544,music,auditory,"weekend,afternoon",online,23,44,intermediate,27,
s0545,"french,english,chemistry",reading,"morning,weekend,evening",both,21,46,intermediate,26,male
s0546,philosophy,kinesthetic,"evening,morning,weekend",in_person,34,52,intermediate,45,male
s0547,"art,history,philosophy",visual,"weekend,afternoon,evening",in_person,28,51,beginner,32,male
s0548,geography,visual,afternoon,in_person,22,49,intermediate,42,any
s0549,geography,kinesthetic,"afternoon,weekend,evening",online,22,40,advanced,45,male
s0550,"spanish,literature,geography",kinesthetic,"afternoon,morning",both,21,49,beginner,36,any
s0551,"music,literature,philosophy,art",kinesthetic,morning,both,35,50,beginner,36,
s0552,"philosophy,economics,french,biology",auditory,"weekend,afternoon",in_person,35,53,intermediate,16,female
s0553,"computer_science,music,physics",reading,"weekend,evening,afternoon",in_person,23,51,advanced,16,female
s0554,"philosophy,spanish",reading,"afternoon,morning",online,23,44,intermediate,23,female
s0555,"spanish,economics,history,geography",visual,afternoon,online,19,39,intermediate,36,
s0556,mathematics,auditory,"evening,morning",both,34,49,intermediate,44,any
s0557,"literature,english,geography,spanish",reading,afternoon,both,30,54,beginner,21,any
s0558,"mathematics,computer_science,geography,economics",kinesthetic,afternoon,both,31,56,advanced,39,
s0559,geography,auditory,"evening,weekend,afternoon",in_person,20,35,beginner,21,male
s0560,history,reading,afternoon,online,25,46,advanced,44,
s0561,"physics,geography",reading,"evening,weekend",in_person,20,40,intermediate,20,female
s0562,"geography,literature,music,physics",visual,"evening,afternoon,morning",in_person,26,48,beginner,29,male
s0563,history,kinesthetic,afternoon,both,28,56,beginner,21,male
s0564,geography,auditory,"evening,morning,afternoon",both,24,46,advanced,33,male
s0565,"art,mathematics,physics,computer_science",visual,evening,online,18,32,intermediate,43,female
s0566,"literature,french,spanish,physics",reading,afternoon,both,29,59,beginner,40,any
s0567,"mathematics,physics,history,economics",kinesthetic,"morning,afternoon",in_person,28,49,advanced,35,female
s0568,mathematics,kinesthetic,afternoon,both,29,52,beginner,18,any
s0569,"philosophy,computer_science",visual,"morning,afternoon",in_person,27,48,intermediate,33,any
s0570,"computer_science,literature,geography",visual,weekend,online,20,32,advanced,28,
s0571,"art,french,philosophy,physics",auditory,"morning,evening",online,22,44,intermediate,34,
s0572,computer_science,reading,"weekend,afternoon,evening",online,24,49,advanced,26,
s0573,"chemistry,computer_science",reading,evening,in_person,35,59,beginner,16,female
s0574,"mathematics,geography,spanish,philosophy",kinesthetic,"weekend,evening",both,23,45,beginner,19,male
s0575,biology,kinesthetic,"afternoon,evening",online,17,27,beginner,32,any
s0576,"physics,economics,history,biology",kinesthetic,"evening,morning,afternoon",online,21,38,intermediate,36,any
s0577,"mathematics,computer_science,economics",auditory,"morning,afternoon",online,18,30,intermediate,43,
s0578,"mathematics,computer_science,art,economics",visual,"evening,weekend",both,22,51,intermediate,38,female
s0579,"computer_science,economics,french,english",kinesthetic,"weekend,morning,afternoon",online,21,38,advanced,20,female
s0580,physics,visual,"morning,evening,weekend",both,27,54,advanced,19,male
s0581,"art,economics,history,music",kinesthetic,afternoon,both,25,48,beginner,17,female
s0582,"history,philosophy",kinesthetic,"afternoon,weekend",in_person,24,39,advanced,28,any
s0583,"literature,chemistry,physics,spanish",reading,"morning,weekend",both,22,50,beginner,39,any
s0584,"history,french,philosophy,computer_science",auditory,"afternoon,morning,weekend",online,21,45,beginner,28,male
s0585,"art,music",reading,"morning,afternoon,evening",both,20,38,intermediate,41,male
s0586,history,reading,afternoon,both,28,50,intermediate,27,
s0587,geography,auditory,"weekend,morning",in_person,22,42,advanced,43,male
s0588,"physics,chemistry",auditory,morning,both,29,52,advanced,41,any
s0589,"art,mathematics",auditory,"evening,afternoon,morning",both,22,37,beginner,44,any
s0590,spanish,reading,"evening,weekend,morning",in_person,35,51,intermediate,33,female
s0591,"physics,art,mathematics",auditory,"evening,weekend,afternoon",in_person,25,41,advanced,17,
s0592,"mathematics,history",auditory,evening,in_person,22,46,beginner,28,male
s0593,"literature,mathematics,computer_science",visual,"morning,afternoon,weekend",online,24,43,intermediate,42,any
s0594,"mathematics,physics",auditory,"weekend,evening,morning",both,24,50,intermediate,36,any
s0595,"spanish,philosophy,chemistry",reading,"weekend,afternoon",in_person,31,46,intermediate,43,female
s0596,"geography,music,economics,art",visual,"evening,morning",in_person,26,41,intermediate,32,
s0597,mathematics,reading,"afternoon,weekend,morning",both,20,39,intermediate,25,female
s0598,mathematics,visual,"evening,afternoon",online,23,35,advanced,17,female
s0599,"philosophy,economics",kinesthetic,"evening,weekend,afternoon",online,24,35,beginner,43,any
s0600,"literature,philosophy,art",auditory,"weekend,afternoon,morning",online,23,42,intermediate,44,female
s0601,english,visual,weekend,in_person,32,59,intermediate,27,male
s0602,"french,economics,english,geography",kinesthetic,morning,online,20,32,beginner,20,
s0603,"physics,english",kinesthetic,"weekend,morning,evening",online,17,39,beginner,33,male
s0604,"spanish,french,history",auditory,"weekend,afternoon,morning",in_person,34,57,advanced,19,male
s0605,"spanish,geography",auditory,"morning,afternoon",in_person,26,46,advanced,32,
s0606,"computer_science,mathematics,physics",kinesthetic,"afternoon,morning,weekend",both,35,53,beginner,33,male
s0607,"geography,french,history,mathematics",auditory,"morning,afternoon,evening",online,19,40,intermediate,27,
s0608,philosophy,visual,"evening,weekend,afternoon",online,19,38,intermediate,36,
s0609,economics,visual,evening,both,28,45,intermediate,43,
s0610,music,visual,"morning,evening",both,30,45,beginner,18,
s0611,"philosophy,mathematics,spanish,economics",kinesthetic,"weekend,evening",online,16,26,advanced,21,male
s0612,economics,visual,"weekend,afternoon",in_person,33,57,intermediate,37,any
s0613,"physics,biology",auditory,morning,in_person,25,46,beginner,36,any
s0614,"mathematics,english,geography",auditory,"morning,evening",in_person,22,46,advanced,27,any
s0615,"physics,chemistry,literature",kinesthetic,"evening,morning",online,25,35,advanced,43,female
s0616,"physics,geography,mathematics,history",auditory,afternoon,both,23,45,beginner,20,female
s0617,"biology,philosophy,mathematics",kinesthetic,morning,in_person,30,53,beginner,31,female
s0618,"spanish,physics,literature",reading,"morning,evening",in_person,23,49,advanced,26,any
s0619,"economics,mathematics,physics",reading,"weekend,morning",both,33,53,intermediate,36,female
s0620,biology,visual,morning,online,20,41,beginner,16,
s0621,"history,spanish,english,literature",auditory,"afternoon,weekend",in_person,30,53,advanced,30,
s0622,philosophy,auditory,"weekend,evening",both,29,47,beginner,17,
s0623,physics,kinesthetic,"morning,afternoon",both,32,53,intermediate,41,male
s0624,music,auditory,"weekend,morning,evening",both,22,52,intermediate,24,
s0625,"mathematics,literature",reading,weekend,in_person,29,54,advanced,39,
s0626,"art,computer_science",visual,"evening,morning",online,18,29,beginner,35,female
s0627,geography,kinesthetic,"evening,weekend",online,18,42,advanced,23,male
s0628,"chemistry,spanish",visual,"evening,afternoon,morning",both,28,43,beginner,37,female
s0629,"geography,spanish",auditory,evening,in_person,28,48,intermediate,33,
s0630,"english,philosophy,biology",visual,evening,in_person,35,53,advanced,34,male
s0631,"economics,chemistry,computer_science,physics",auditory,"evening,afternoon",in_person,32,53,intermediate,25,female
s0632,"french,spanish,computer_science",kinesthetic,evening,in_person,27,55,advanced,21,female
s0633,"music,mathematics,history",visual,weekend,both,32,54,intermediate,34,
s0634,"english,french,economics",reading,"evening,morning,afternoon",in_person,34,62,intermediate,33,any
s0635,"art,philosophy",reading,"weekend,evening",in_person,33,49,intermediate,18,male
s0636,"music,economics",reading,"morning,afternoon",in_person,34,60,intermediate,29,any
s0637,"literature,art",auditory,"morning,evening,afternoon",both,24,40,intermediate,27,female
s0638,"chemistry,geography,philosophy",kinesthetic,"morning,afternoon,evening",both,31,50,intermediate,29,female
s0639,computer_science,auditory,weekend,online,17,31,advanced,19,male
s0640,"spanish,music,chemistry,mathematics",visual,"evening,afternoon,weekend",online,19,42,intermediate,18,any
s0641,"computer_science,art,economics",auditory,afternoon,both,23,52,beginner,20,any
s0642,"english,music,physics",kinesthetic,"weekend,afternoon,evening",online,22,42,advanced,37,
s0643,geography,visual,"weekend,evening",in_person,22,42,advanced,43,any
s0644,spanish,reading,"morning,evening",in_person,28,58,beginner,24,female
s0645,"physics,geography,art",reading,"weekend,morning,afternoon",in_person,31,56,intermediate,35,any
s0646,"french,computer_science,physics",reading,weekend,both,31,54,beginner,26,any
s0647,french,auditory,"morning,weekend",online,19,38,beginner,22,
s0648,physics,auditory,"weekend,morning,evening",both,25,45,intermediate,19,any
s0649,"geography,french,literature",reading,weekend,both,34,60,intermediate,34,male
s0650,"biology,computer_science",kinesthetic,"afternoon,morning,evening",both,22,42,advanced,23,any
s0651,literature,visual,"morning,afternoon",in_person,27,51,beginner,36,
s0652,geography,visual,"afternoon,morning",online,15,33,advanced,37,female
s0653,geography,visual,afternoon,online,18,41,intermediate,21,any
s0654,"chemistry,geography,french",auditory,"afternoon,weekend,morning",both,28,57,intermediate,39,female
s0655,"french,economics",auditory,"afternoon,weekend,evening",in_person,26,56,intermediate,20,female
s0656,art,auditory,evening,both,24,41,beginner,24,
s0657,"mathematics,physics",visual,"evening,morning",online,20,38,advanced,29,male
s0658,"biology,spanish,literature,geography",kinesthetic,"evening,afternoon",online,25,41,beginner,40,female
s0659,"english,music",kinesthetic,evening,in_person,32,52,intermediate,28,
s0660,"chemistry,philosophy",kinesthetic,morning,both,34,56,intermediate,40,male
s0661,"philosophy,history,mathematics,computer_science",kinesthetic,weekend,both,32,55,intermediate,33,male
s0662,"geography,art,english",reading,"morning,weekend,afternoon",in_person,33,54,advanced,36,any
s0663,mathematics,kinesthetic,"afternoon,weekend",both,20,44,intermediate,41,
s0664,history,visual,"weekend,evening",online,23,40,beginner,17,
s0665,"philosophy,art",visual,"afternoon,morning,weekend",online,22,36,intermediate,45,male
s0666,"spanish,history,economics,music",kinesthetic,"afternoon,morning,evening",online,25,46,intermediate,30,male
s0667,"mathematics,art,philosophy",reading,"morning,weekend,evening",in_person,33,56,intermediate,41,
s0668,"music,physics",visual,"morning,weekend",online,15,31,intermediate,36,
s0669,"geography,music,physics",auditory,weekend,online,16,41,beginner,39,female
s0670,literature,auditory,evening,online,16,39,intermediate,27,any
s0671,"music,literature",visual,morning,in_person,29,50,advanced,39,any
s0672,"french,english,economics",kinesthetic,morning,both,32,49,beginner,36,male
s0673,"music,english,art",reading,"afternoon,weekend,evening",both,22,47,beginner,19,any
s0674,"physics,literature,mathematics",reading,weekend,in_person,34,57,advanced,28,female
s0675,"spanish,economics",visual,"afternoon,morning",in_person,22,47,advanced,30,any
s0676,"english,philosophy,computer_science,art",auditory,afternoon,in_person,30,46,beginner,23,female
s0677,"art,geography,spanish,french",auditory,"afternoon,morning,weekend",online,23,46,advanced,36,male
s0678,"physics,art,economics,geography",kinesthetic,weekend,in_person,28,50,intermediate,17,any
s0679,chemistry,reading,"afternoon,evening",both,23,42,beginner,45,male
s0680,"music,spanish,economics,english",reading,morning,online,25,46,intermediate,20,female
s0681,"music,literature",visual,morning,both,23,38,intermediate,35,female
s0682,"art,economics,geography,chemistry",visual,"evening,morning,afternoon",in_person,33,58,beginner,17,
s0683,"french,art,biology,literature",reading,"morning,afternoon,evening",online,20,38,advanced,21,
s0684,chemistry,kinesthetic,"morning,evening",online,17,41,beginner,38,female
s0685,"french,art,philosophy,spanish",auditory,"evening,weekend",online,19,33,beginner,40,
s0686,"french,mathematics",visual,morning,online,20,39,advanced,36,
s0687,mathematics,reading,weekend,both,32,52,advanced,35,
s0688,"history,biology,french,music",auditory,morning,online,22,44,intermediate,41,male
s0689,chemistry,kinesthetic,evening,both,28,51,beginner,20,female
s0690,"literature,philosophy,history",auditory,weekend,online,15,37,intermediate,42,any
s0691,"computer_science,literature,philosophy,economics",kinesthetic,"afternoon,morning,evening",in_person,20,46,intermediate,22,female
s0692,"economics,art",kinesthetic,"evening,morning,afternoon",in_person,33,48,beginner,39,any
s0693,"economics,computer_science,french",reading,"afternoon,morning",in_person,21,46,beginner,43,
s0694,"spanish,philosophy,english",reading,"morning,afternoon",both,31,56,advanced,32,male
s0695,"music,computer_science,art,french",auditory,"evening,afternoon",in_person,26,43,beginner,43,any
s0696,"biology,music,literature",reading,"morning,weekend,evening",both,33,56,intermediate,38,male
s0697,"philosophy,mathematics,computer_science,chemistry",visual,"evening,weekend,morning",online,24,45,advanced,41,any
s0698,"philosophy,computer_science",auditory,"afternoon,weekend",both,33,51,intermediate,40,any
s0699,"philosophy,biology,economics,mathematics",visual,weekend,in_person,25,41,advanced,43,female
s0700,philosophy,reading,weekend,in_person,20,37,advanced,30,any
s0701,economics,visual,"weekend,evening,morning",both,20,44,beginner,36,
s0702,"literature,physics,chemistry",visual,"weekend,afternoon",online,25,40,intermediate,43,female
s0703,computer_science,auditory,"afternoon,morning",both,27,43,advanced,17,female
s0704,biology,reading,"afternoon,evening,morning",online,19,36,intermediate,39,
s0705,literature,reading,morning,in_person,32,48,beginner,42,
s0706,"mathematics,spanish",kinesthetic,"morning,weekend",in_person,35,62,intermediate,31,
s0707,"chemistry,french",reading,afternoon,online,19,29,intermediate,31,male
s0708,"biology,french,history,mathematics",visual,weekend,in_person,23,42,advanced,41,
s0709,"art,english,philosophy",visual,afternoon,in_person,28,54,advanced,27,female
s0710,"economics,philosophy",reading,"afternoon,evening",online,17,33,advanced,38,any
s0711,"english,spanish",kinesthetic,weekend,online,23,45,beginner,29,any
s0712,"economics,philosophy,physics",auditory,afternoon,online,24,39,beginner,39,female
s0713,"computer_science,french,english,music",auditory,evening,in_person,32,55,advanced,34,female
s0714,"english,music,biology,computer_science",kinesthetic,"morning,afternoon",online,19,37,intermediate,39,male
s0715,philosophy,visual,"morning,afternoon,weekend",both,26,52,beginner,39,any
s0716,"literature,computer_science,philosophy,history",auditory,morning,both,26,52,beginner,45,
s0717,"spanish,mathematics,english,philosophy",visual,evening,online,17,39,intermediate,26,male
s0718,"biology,philosophy",visual,"morning,weekend,evening",online,17,40,beginner,20,any
s0719,"english,physics,art",auditory,morning,both,31,58,beginner,18,
s0720,"art,english,biology",reading,"morning,weekend,afternoon",both,32,49,beginner,21,female
s0721,music,kinesthetic,"weekend,evening,morning",both,32,50,advanced,36,female
s0722,computer_science,visual,evening,in_person,23,46,beginner,19,
s0723,biology,visual,"morning,afternoon,weekend",online,20,35,advanced,39,female
s0724,mathematics,reading,"weekend,morning",online,18,40,intermediate,34,any
s0725,"biology,geography,mathematics",kinesthetic,evening,in_person,20,47,beginner,22,female
s0726,"computer_science,philosophy,biology",auditory,"weekend,evening",both,26,51,intermediate,24,
s0727,"history,biology",reading,"morning,evening",in_person,20,39,beginner,37,female
s0728,"english,art",visual,morning,both,24,41,advanced,42,male
s0729,"spanish,biology,geography",reading,"afternoon,evening,morning",online,15,40,advanced,22,
s0730,philosophy,visual,"evening,morning",both,21,39,advanced,29,female
s0731,"english,philosophy,chemistry,history",auditory,"afternoon,weekend,evening",both,22,43,intermediate,27,any
s0732,"art,chemistry",reading,"evening,afternoon,morning",both,21,41,intermediate,42,any
s0733,spanish,auditory,weekend,in_person,28,57,beginner,20,female
s0734,literature,auditory,"morning,weekend",both,35,64,beginner,42,male
s0735,"art,philosophy,geography,chemistry",reading,"afternoon,morning,weekend",online,23,35,beginner,18,male
s0736,english,auditory,afternoon,in_person,27,43,beginner,43,female
s0737,"art,biology",kinesthetic,"morning,weekend,afternoon",in_person,24,54,beginner,16,
s0738,"spanish,history,chemistry,mathematics",reading,"afternoon,weekend,morning",in_person,25,54,beginner,34,any
s0739,"computer_science,literature",kinesthetic,evening,in_person,29,52,beginner,23,female
s0740,"chemistry,music,english,philosophy",auditory,"weekend,morning",both,32,56,beginner,32,
s0741,"french,literature",auditory,"afternoon,evening,morning",online,16,33,intermediate,34,any
s0742,"computer_science,chemistry,music,spanish",reading,afternoon,both,33,52,advanced,44,any
s0743,spanish,reading,"afternoon,evening,weekend",in_person,23,48,beginner,33,any
s0744,geography,visual,"morning,evening",online,15,35,advanced,29,male
s0745,"french,philosophy,spanish,chemistry",reading,"afternoon,evening",online,19,39,beginner,38,female
s0746,"french,history,geography",reading,evening,in_person,28,51,beginner,37,any
s0747,computer_science,auditory,afternoon,in_person,29,59,beginner,32,female
s0748,"music,biology,mathematics,physics",kinesthetic,weekend,both,34,57,advanced,31,female
s0749,"mathematics,music",visual,afternoon,in_person,35,55,intermediate,17,any
s0750,"literature,chemistry,history,economics",reading,"weekend,evening,afternoon",online,19,39,intermediate,40,any
s0751,"literature,geography",kinesthetic,"morning,afternoon",online,18,28,beginner,27,male
s0752,"spanish,history,music,chemistry",reading,"weekend,morning",both,30,50,intermediate,31,female
s0753,"history,music,english",reading,morning,in_person,32,57,beginner,22,female
s0754,english,auditory,"evening,afternoon",in_person,33,63,beginner,27,
s0755,literature,reading,"evening,afternoon,weekend",both,32,52,advanced,25,
s0756,spanish,visual,"morning,afternoon",both,20,39,beginner,16,
s0757,"art,literature",visual,"weekend,evening,morning",both,32,50,intermediate,24,male
s0758,"literature,spanish",reading,"evening,weekend,afternoon",both,20,46,intermediate,28,
s0759,english,reading,weekend,both,23,47,beginner,21,female
s0760,"french,music,mathematics,philosophy",visual,weekend,both,31,56,beginner,31,
s0761,"philosophy,physics,chemistry",reading,"afternoon,evening",in_person,30,57,intermediate,24,male
s0762,"art,philosophy,biology",visual,afternoon,both,29,50,intermediate,34,male
s0763,"spanish,physics,literature",reading,"evening,weekend",online,24,48,advanced,38,
s0764,"philosophy,geography",auditory,"weekend,morning,afternoon",online,16,28,beginner,44,
s0765,"biology,music,geography",reading,"morning,afternoon,evening",both,28,47,advanced,18,any
s0766,"chemistry,history,biology,english",kinesthetic,"evening,afternoon,weekend",both,34,62,intermediate,28,female
s0767,"biology,physics",reading,morning,online,16,30,beginner,35,male
s0768,"economics,geography",kinesthetic,"afternoon,evening,morning",online,22,32,advanced,17,
s0769,physics,kinesthetic,"evening,afternoon,weekend",in_person,26,46,intermediate,21,any
s0770,"biology,literature",visual,weekend,in_person,31,52,advanced,38,female
s0771,"literature,philosophy,biology,mathematics",auditory,"weekend,evening",both,33,55,beginner,17,
s0772,"spanish,economics",kinesthetic,"morning,evening,weekend",in_person,24,40,intermediate,34,male
s0773,economics,kinesthetic,"afternoon,morning,weekend",online,22,45,intermediate,39,male
s0774,music,auditory,"evening,afternoon",online,20,37,advanced,23,male
s0775,"english,art",kinesthetic,"weekend,morning",online,15,37,intermediate,23,male
s0776,"art,economics,french",reading,"afternoon,morning",in_person,23,43,advanced,40,male
s0777,"music,art,chemistry",reading,evening,both,29,51,advanced,42,male
s0778,"economics,spanish,computer_science",kinesthetic,afternoon,online,20,37,intermediate,36,
s0779,philosophy,reading,"morning,afternoon",online,21,38,beginner,28,any
s0780,"french,chemistry,art",kinesthetic,"weekend,evening",online,20,35,beginner,31,female
s0781,"biology,chemistry",auditory,"weekend,evening",both,21,41,intermediate,34,male
s0782,"french,biology,history",reading,"evening,afternoon",in_person,21,38,intermediate,42,female
s0783,"mathematics,history",auditory,weekend,in_person,29,55,beginner,21,any
s0784,"literature,french",kinesthetic,"afternoon,morning",online,22,34,advanced,20,female
s0785,"chemistry,art,music,computer_science",reading,"morning,afternoon,evening",online,23,47,beginner,32,any
s0786,"computer_science,biology,art",reading,afternoon,online,21,33,intermediate,29,male
s0787,geography,reading,"evening,morning,weekend",in_person,30,56,beginner,43,female
s0788,"economics,philosophy",reading,"morning,evening,afternoon",online,23,35,intermediate,33,male
s0789,"literature,art,mathematics",kinesthetic,"weekend,afternoon,evening",both,22,47,advanced,45,male
s0790,"english,art,physics",reading,"evening,morning",online,20,32,advanced,17,any
s0791,"literature,computer_science",kinesthetic,"weekend,morning,afternoon",in_person,27,48,beginner,20,female
s0792,physics,reading,"weekend,morning",in_person,28,51,beginner,45,any
s0793,english,auditory,"evening,afternoon",both,20,36,beginner,42,any
s0794,art,reading,"evening,morning",in_person,23,44,beginner,35,
s0795,"mathematics,geography,art",auditory,"weekend,afternoon,evening",online,25,37,advanced,44,male
s0796,"physics,mathematics",reading,morning,both,29,56,intermediate,20,
s0797,chemistry,reading,"morning,evening",in_person,34,63,beginner,30,male
s0798,philosophy,auditory,morning,in_person,24,50,beginner,35,any
s0799,"history,french",visual,"evening,afternoon,weekend",in_person,21,39,advanced,38,any
s0800,"music,mathematics,computer_science",reading,"evening,morning,afternoon",online,21,37,advanced,44,
s0801,"literature,philosophy,geography",auditory,"weekend,afternoon,morning",in_person,30,58,beginner,41,any
s0802,"chemistry,music",auditory,"morning,evening,afternoon",in_person,23,50,intermediate,25,
s0803,"physics,geography,english,philosophy",reading,"weekend,morning,evening",in_person,30,54,beginner,32,male
s0804,"philosophy,art,computer_science",kinesthetic,evening,in_person,25,49,beginner,29,
s0805,"philosophy,english,geography,spanish",visual,"weekend,afternoon",in_person,35,62,intermediate,44,female
s0806,"computer_science,geography",auditory,"afternoon,weekend",in_person,34,63,advanced,44,female
s0807,"physics,art,spanish",reading,evening,online,24,43,intermediate,34,
s0808,"biology,english",kinesthetic,"weekend,afternoon",online,25,40,advanced,23,any
s0809,"computer_science,economics,mathematics",reading,"afternoon,morning,evening",in_person,20,36,advanced,35,any
s0810,"music,computer_science",auditory,"evening,morning",online,19,29,beginner,36,male
s0811,"english,geography,philosophy,history",kinesthetic,"morning,weekend,afternoon",online,21,46,advanced,26,
s0812,literature,auditory,"weekend,morning",both,27,55,advanced,24,male
s0813,"computer_science,art,mathematics",reading,morning,both,23,50,advanced,20,
s0814,"physics,geography",kinesthetic,"evening,weekend,morning",in_person,35,50,beginner,27,
s0815,"history,spanish,english",reading,"evening,afternoon",online,18,38,advanced,23,any
s0816,"chemistry,computer_science",reading,"morning,afternoon",in_person,30,52,advanced,22,female
s0817,"mathematics,chemistry,economics",kinesthetic,"evening,weekend",both,22,48,intermediate,24,female
s0818,"english,spanish",reading,morning,in_person,22,47,intermediate,40,any
s0819,"computer_science,french",reading,"weekend,evening",both,35,54,beginner,23,
s0820,"philosophy,music",visual,"weekend,afternoon,morning",online,22,45,beginner,27,female
s0821,"spanish,computer_science,mathematics,chemistry",kinesthetic,afternoon,online,19,43,beginner,40,any
s0822,"french,economics,art",kinesthetic,"afternoon,evening",online,25,48,advanced,43,
s0823,"physics,french",reading,"evening,weekend",both,33,58,advanced,33,male
s0824,music,visual,afternoon,in_person,20,43,intermediate,40,
s0825,"economics,music,art,biology",kinesthetic,weekend,both,24,43,beginner,29,any
s0826,"spanish,biology,physics,art",reading,"morning,afternoon",both,30,50,intermediate,25,female
s0827,"physics,music,computer_science",auditory,evening,both,26,48,intermediate,31,male
s0828,"art,economics,computer_science",reading,"weekend,evening,morning",in_person,31,48,advanced,20,female
s0829,"geography,english,french,mathematics",auditory,evening,both,29,53,advanced,21,male
s0830,"music,spanish,chemistry",reading,"evening,morning,weekend",both,21,49,advanced,26,any
s0831,chemistry,reading,"evening,afternoon",both,31,57,intermediate,20,female
s0832,"french,physics",reading,"morning,afternoon",both,33,63,advanced,39,female
s0833,"literature,art",auditory,"afternoon,morning,evening",both,25,40,intermediate,28,any
s0834,"english,literature",reading,"afternoon,morning",in_person,34,55,intermediate,21,male
s0835,"english,history,art",visual,morning,online,23,42,advanced,31,any
s0836,"economics,physics,spanish",reading,"evening,morning",in_person,32,62,advanced,38,female
s0837,"literature,french",reading,"afternoon,morning,evening",in_person,29,52,beginner,22,any
s0838,"chemistry,economics,french,music",reading,"afternoon,evening",online,19,43,beginner,22,male
s0839,"biology,economics,literature",reading,morning,in_person,34,64,beginner,21,
s0840,"economics,french,philosophy,computer_science",kinesthetic,weekend,in_person,32,48,beginner,44,
s0841,"english,music",kinesthetic,"morning,evening",online,16,29,advanced,26,any
s0842,literature,auditory,"afternoon,morning,weekend",online,21,44,advanced,19,male
s0843,"spanish,biology",reading,weekend,both,30,60,advanced,39,
s0844,history,auditory,"evening,afternoon,morning",online,24,37,beginner,28,any
s0845,"literature,physics,art",reading,evening,online,25,42,advanced,27,female
s0846,literature,reading,weekend,both,26,54,advanced,29,
s0847,"geography,biology",visual,"weekend,afternoon",in_person,25,43,beginner,25,male
s0848,"computer_science,geography,french,philosophy",kinesthetic,morning,online,22,41,advanced,42,any
s0849,"biology,french",reading,weekend,both,28,54,intermediate,20,
s0850,computer_science,auditory,"afternoon,weekend",in_person,30,60,beginner,17,
s0851,"economics,physics",reading,"afternoon,weekend,morning",both,32,53,intermediate,16,
s0852,"literature,history,physics,biology",reading,"evening,afternoon,weekend",online,19,41,beginner,44,
s0853,"french,physics,art",kinesthetic,"evening,afternoon",online,23,47,advanced,27,
s0854,"literature,history",kinesthetic,"weekend,morning,afternoon",online,18,30,intermediate,29,male
s0855,"english,music,philosophy,art",kinesthetic,"morning,afternoon",both,24,52,advanced,36,
s0856,"chemistry,french",kinesthetic,"afternoon,evening",in_person,28,47,intermediate,41,male
s0857,"french,english",reading,afternoon,in_person,22,50,advanced,19,
s0858,"geography,history,chemistry",visual,"morning,weekend",online,16,31,intermediate,36,female
s0859,music,auditory,"morning,afternoon",both,26,55,beginner,44,
s0860,"french,physics,music",visual,morning,in_person,35,59,advanced,43,any
s0861,physics,visual,"weekend,afternoon,evening",in_person,22,52,beginner,41,any
s0862,art,reading,"morning,evening,afternoon",in_person,25,42,advanced,45,
s0863,biology,reading,afternoon,both,21,38,intermediate,21,male
s0864,"music,chemistry",kinesthetic,weekend,both,35,58,intermediate,39,female
s0865,"english,philosophy,french",auditory,"morning,afternoon,evening",online,22,41,beginner,44,
s0866,history,auditory,"weekend,evening,afternoon",in_person,25,43,beginner,24,female
s0867,"geography,chemistry,physics,biology",visual,weekend,both,27,52,intermediate,20,male
s0868,"geography,spanish,mathematics,literature",auditory,"evening,afternoon",both,30,56,advanced,37,any
s0869,"economics,art,french,geography",auditory,"weekend,morning",online,21,32,intermediate,38,
s0870,"music,economics,mathematics,chemistry",reading,"morning,weekend",both,28,56,beginner,41,male
s0871,art,kinesthetic,"afternoon,morning",in_person,20,50,beginner,18,female
s0872,"mathematics,french",reading,weekend,both,22,40,beginner,39,
s0873,"philosophy,mathematics,biology",visual,"morning,evening",online,23,44,intermediate,29,female
s0874,"mathematics,geography,physics,french",visual,weekend,online,23,44,beginner,20,female
s0875,"music,history",reading,"morning,evening",in_person,23,50,advanced,32,male
s0876,"physics,art",kinesthetic,"weekend,morning",both,20,50,advanced,37,male
s0877,"mathematics,history",kinesthetic,"evening,weekend",in_person,25,40,beginner,28,female
s0878,music,kinesthetic,"evening,weekend,morning",online,25,43,beginner,33,any
s0879,"spanish,chemistry,english",reading,weekend,both,33,59,beginner,33,male
s0880,"chemistry,art",visual,morning,in_person,35,53,intermediate,43,male
s0881,"spanish,history,chemistry",kinesthetic,"evening,afternoon,weekend",in_person,25,48,intermediate,25,any
s0882,"art,history,physics",kinesthetic,"weekend,afternoon",both,22,46,advanced,16,any
s0883,"music,economics",visual,"evening,morning,weekend",in_person,31,53,advanced,35,any
s0884,english,reading,"morning,afternoon",both,21,36,beginner,21,female
s0885,"art,philosophy",auditory,"afternoon,morning,evening",both,32,49,advanced,17,male
s0886,mathematics,visual,afternoon,in_person,34,57,beginner,17,female
s0887,computer_science,visual,"afternoon,weekend",both,30,50,advanced,34,any
s0888,"philosophy,english",visual,"weekend,afternoon,morning",in_person,32,55,advanced,35,
s0889,physics,visual,"evening,weekend",online,20,33,advanced,19,female
s0890,"geography,french,chemistry,biology",reading,"weekend,afternoon,morning",online,23,41,intermediate,28,female
s0891,"english,spanish",auditory,"weekend,evening,morning",online,15,29,beginner,44,any
s0892,"economics,chemistry,physics",reading,evening,in_person,30,53,beginner,16,
s0893,"english,philosophy,chemistry",auditory,"afternoon,weekend,morning",in_person,25,55,intermediate,30,male
s0894,"french,economics",reading,weekend,in_person,30,47,advanced,31,female
s0895,"computer_science,economics,physics,french",reading,weekend,both,29,44,intermediate,25,male
s0896,"geography,spanish",auditory,"weekend,evening,morning",both,31,58,advanced,38,
s0897,"computer_science,english,mathematics,art",kinesthetic,evening,online,18,37,beginner,44,any
s0898,spanish,reading,"afternoon,weekend",both,26,41,advanced,42,female
s0899,"spanish,english,biology,geography",kinesthetic,"morning,afternoon",online,15,30,beginner,25,male
s0900,geography,visual,"weekend,evening,afternoon",in_person,26,48,intermediate,27,female
s0901,"french,philosophy,chemistry,computer_science",auditory,"afternoon,morning,weekend",online,17,38,beginner,41,any
s0902,"biology,music",reading,weekend,in_person,33,60,intermediate,23,male
s0903,"french,physics,music,literature",visual,"weekend,evening",online,24,43,advanced,21,female
s0904,art,reading,"morning,evening",in_person,32,52,beginner,29,male
s0905,"mathematics,physics",reading,"morning,afternoon",in_person,32,47,beginner,41,any
s0906,"mathematics,philosophy,french",reading,"weekend,afternoon",in_person,22,41,intermediate,33,female
s0907,"literature,music,philosophy",kinesthetic,"afternoon,weekend,evening",in_person,31,52,advanced,23,
s0908,"computer_science,chemistry,history",kinesthetic,evening,online,23,39,beginner,41,any
s0909,"computer_science,biology",visual,weekend,online,19,43,beginner,17,female
s0910,"biology,history,french,art",kinesthetic,morning,in_person,32,56,intermediate,35,male
s0911,"economics,computer_science",auditory,morning,online,21,37,advanced,44,any
s0912,"english,mathematics,spanish,physics",reading,"weekend,afternoon",both,31,57,intermediate,36,any
s0913,"computer_science,french",auditory,morning,both,26,45,advanced,29,any
s0914,physics,kinesthetic,evening,in_person,34,49,advanced,34,
s0915,"spanish,biology",visual,"weekend,morning,afternoon",online,17,28,advanced,41,
s0916,"physics,mathematics,english",kinesthetic,afternoon,online,17,31,beginner,36,male
s0917,economics,kinesthetic,"evening,morning",both,29,51,advanced,34,male
s0918,"physics,biology,english,french",reading,"evening,weekend",in_person,20,42,intermediate,17,male
s0919,"english,philosophy,literature",kinesthetic,afternoon,online,24,39,beginner,18,
s0920,"computer_science,history",reading,"weekend,morning,afternoon",both,25,45,advanced,30,male
s0921,"history,french,mathematics",visual,evening,both,22,50,beginner,23,
s0922,"spanish,literature,physics,biology",visual,evening,online,23,45,intermediate,42,
s0923,"chemistry,geography,french,history",auditory,"afternoon,weekend",in_person,35,62,beginner,23,female
s0924,"philosophy,literature,spanish",visual,"weekend,afternoon,evening",both,21,40,advanced,35,any
s0925,"english,spanish,philosophy",kinesthetic,morning,both,30,58,intermediate,29,male
s0926,"french,computer_science",visual,"evening,morning,weekend",both,35,63,intermediate,20,
s0927,"chemistry,spanish,geography,english",kinesthetic,"afternoon,weekend",in_person,26,56,advanced,24,
s0928,"french,music",reading,"evening,weekend",both,29,51,beginner,31,any
s0929,"art,music,chemistry,economics",reading,morning,in_person,34,56,advanced,28,any
s0930,"spanish,chemistry,philosophy,art",visual,afternoon,online,15,38,intermediate,34,male
s0931,"computer_science,economics",auditory,"evening,weekend,morning",both,25,54,beginner,39,any
s0932,literature,auditory,"weekend,afternoon",online,24,44,beginner,44,female
s0933,"computer_science,biology",auditory,afternoon,both,29,50,advanced,43,female
s0934,"economics,english",reading,evening,both,24,43,beginner,31,male
s0935,geography,auditory,"afternoon,weekend,evening",online,20,33,advanced,32,any
s0936,"mathematics,computer_science,geography,art",visual,evening,both,24,47,beginner,20,male
s0937,biology,reading,afternoon,online,16,29,advanced,44,female
s0938,"history,economics,art",kinesthetic,weekend,in_person,32,51,beginner,41,
s0939,"computer_science,philosophy",reading,"evening,morning,weekend",both,33,53,advanced,30,female
s0940,history,auditory,"evening,morning,weekend",in_person,34,62,intermediate,24,any
s0941,"economics,philosophy",auditory,afternoon,both,32,55,intermediate,41,female
s0942,english,kinesthetic,"evening,morning,weekend",in_person,20,40,advanced,17,any
s0943,"economics,literature",kinesthetic,"morning,evening,weekend",in_person,30,46,advanced,36,
s0944,"music,computer_science,biology",auditory,evening,both,27,45,beginner,27,
s0945,philosophy,visual,afternoon,in_person,35,52,intermediate,39,male
s0946,"literature,french,music",kinesthetic,"weekend,morning",in_person,29,50,advanced,41,female
s0947,computer_science,visual,morning,in_person,22,43,advanced,30,
s0948,english,kinesthetic,"weekend,evening",in_person,20,45,intermediate,18,any
s0949,"art,literature,geography",reading,"weekend,morning,afternoon",in_person,25,42,intermediate,19,male
s0950,economics,auditory,"evening,morning,afternoon",in_person,28,50,beginner,18,female
s0951,"biology,geography",visual,"afternoon,evening",in_person,23,46,advanced,36,female
s0952,"music,mathematics",auditory,"afternoon,weekend",both,27,53,beginner,33,
s0953,mathematics,reading,weekend,online,24,43,beginner,26,male
s0954,"chemistry,geography,music",reading,"evening,morning,afternoon",online,25,38,beginner,36,
s0955,"art,geography,philosophy",kinesthetic,afternoon,both,21,37,intermediate,32,male
s0956,mathematics,kinesthetic,"weekend,evening",in_person,26,41,beginner,23,female
s0957,"spanish,mathematics",auditory,"weekend,afternoon",in_person,24,52,intermediate,40,any
s0958,literature,kinesthetic,afternoon,in_person,20,49,advanced,16,female
s0959,physics,visual,"morning,evening",online,25,37,advanced,29,
s0960,"chemistry,economics",auditory,"evening,afternoon",in_person,33,58,beginner,45,
s0961,"geography,literature,economics",kinesthetic,"weekend,afternoon,evening",online,19,36,intermediate,18,
s0962,"chemistry,literature",kinesthetic,weekend,both,23,43,intermediate,42,any
s0963,"chemistry,english",reading,"weekend,evening,afternoon",both,24,41,beginner,20,
s0964,"french,music",kinesthetic,morning,in_person,30,49,intermediate,30,any
s0965,"art,geography,literature",visual,afternoon,in_person,26,48,beginner,19,female
s0966,biology,visual,morning,both,33,58,advanced,29,male
s0967,computer_science,kinesthetic,"evening,afternoon,morning",both,30,57,intermediate,43,male
s0968,"french,economics,music",kinesthetic,"evening,afternoon",both,21,46,intermediate,45,female
s0969,"biology,philosophy,english",visual,afternoon,in_person,27,57,beginner,20,male
s0970,"geography,literature,physics",visual,morning,both,29,53,advanced,27,female
s0971,"economics,music",auditory,"weekend,afternoon,morning",both,29,44,intermediate,42,male
s0972,"english,philosophy",auditory,"evening,afternoon",online,22,36,intermediate,30,female
s0973,"art,history,computer_science,biology",auditory,evening,both,31,50,beginner,22,female
s0974,"philosophy,music,history",reading,"evening,morning",in_person,28,58,intermediate,27,female
s0975,"chemistry,spanish,computer_science",auditory,"weekend,afternoon,evening",in_person,26,45,intermediate,43,
s0976,"biology,chemistry,music",auditory,evening,both,22,43,intermediate,41,any
s0977,"geography,literature,music",reading,"weekend,afternoon,evening",online,16,37,beginner,24,any
s0978,"mathematics,philosophy,economics,biology",reading,"afternoon,morning",both,20,43,intermediate,23,
s0979,"music,biology",visual,afternoon,in_person,34,62,beginner,43,male
s0980,"philosophy,biology,history,economics",reading,"morning,evening,afternoon",both,32,47,advanced,44,any
s0981,"physics,french,biology",visual,"weekend,afternoon",both,23,43,intermediate,39,female
s0982,"chemistry,spanish",kinesthetic,"morning,weekend",online,20,42,advanced,36,
s0983,"economics,art,history",visual,"weekend,afternoon",in_person,24,53,advanced,16,any
s0984,"history,french,philosophy,literature",reading,"afternoon,morning,weekend",in_person,23,48,beginner,34,any
s0985,"english,music,french",kinesthetic,"morning,weekend",online,24,45,intermediate,31,any
s0986,"biology,computer_science",kinesthetic,"morning,weekend,afternoon",both,27,53,beginner,21,male
s0987,"physics,spanish,art,music",visual,"afternoon,evening,morning",both,28,46,intermediate,26,female
s0988,"english,history,chemistry,physics",reading,"weekend,evening,afternoon",both,21,44,advanced,23,female
s0989,"english,spanish",auditory,weekend,in_person,33,50,beginner,42,female
s0990,"music,english,history,geography",reading,morning,both,32,51,intermediate,31,
s0991,"chemistry,physics",kinesthetic,weekend,in_person,27,45,intermediate,25,male
s0992,"economics,literature,art",reading,morning,in_person,21,46,advanced,28,male
s0993,"history,geography,philosophy,literature",reading,afternoon,online,15,32,beginner,40,female
s0994,"geography,music,mathematics",auditory,"morning,weekend,afternoon",both,21,46,beginner,22,female
s0995,"art,philosophy,spanish,biology",visual,"evening,weekend,morning",both,27,44,beginner,29,
s0996,"geography,spanish,french,chemistry",kinesthetic,"weekend,evening",online,22,33,advanced,30,female
s0997,"spanish,biology,physics",kinesthetic,"weekend,morning,evening",online,22,38,beginner,24,male
s0998,history,visual,"afternoon,morning,evening",in_person,25,41,advanced,25,
s0999,"spanish,english,philosophy,chemistry",visual,"afternoon,weekend,evening",both,28,57,beginner,40,male
s1000,"geography,literature,spanish,biology",kinesthetic,"weekend,afternoon",in_person,27,50,advanced,25,female
